,SongName,MainArtist,FeaturedArtist,URI
0,FRIENDSHIP,Đen,,spotify:track:1ZSwYD21wiQCx3VYrnQHMm
1,Cho Tôi Lang Thang,Ngọt,Đen,spotify:track:2zRzmGerfTxc2epZHgaTdh
2,Lối Nhỏ,Đen,Phương Anh Đào,spotify:track:25edeHHueINMguqu9emCyV
3,Bài Này Chill Phết,Đen,MIN,spotify:track:2nR51wakN5K3AJENqGaNg9
4,Đi Về Nhà,Đen,JustaTee,spotify:track:7LVrrX8pkzI9fMF88nGabt
5,đen đá không đường,AMEE,,spotify:track:3clfEGdaeSmWM6pDekmZ2G
6,Density Yours,Hertz-Hunters,,spotify:track:32kFsMs9Wss5biuRcYLb5J
7,Noon Density,Dusty Clav,,spotify:track:14jtTg89pauQDNFDo0qzlJ
8,Density Alone,Luciano Thiago,,spotify:track:6kqBDHgoln0pADUouDFuN5
9,Density Compression,Nature Caldwell,,spotify:track:619slWsSNwvAtHuoNZ4FPb
